{"total_km":432.9,"seg_count":8527,"bounds":[103.63704,1.26543,103.96639,1.46736]}